"","name","world_ranking","region_ranking","country_ranking","region","country","city.state","acceptance_rate","publication","website","phone_no","address","rank"
"1","Aarhus University","#150 of 14,131","#44 of 2,785","#2 of 27","Europe","Italy","Veneto","15%",89089,"www.au.dk","+45 8942 1111","Nordre Ringgade 1
 Aarhus, Central Denmark Region, 8000 
Denmark",150
"2","Arizona State University - Tempe","#61 of 14,131","#48 of 2,597","#45 of 2,496","Europe","Spain","Valencia","",99099,"www.asu.edu","8552785080","University Drive and Mill Avenue
 Tempe, Arizona, 85287 
United States",61
"3","Auburn University","","","","North America","United States","Wisconsin","57%",36036,"auburn.edu","3348444000","Samford Hall
 Auburn, Alabama, 36849 
United States",NA
"4","Australian National University","#88 of 14,131","#5 of 59","#5 of 40","North America","Canada","Ontario","86%",97097,"www.anu.edu.au","+61 (0)2 6125 5111","Ellery Crescent, Acton
 Canberra, Australian Capital Territory, 0200 
Australia",88
"5","Autonomous University of Barcelona","","","","Europe","Italy","Emilia-Romagna","11%",74074,"www.uab.cat","+34 935812222","Campus de Bellaterra, Edificio A
 Cerdanyola del Vallès, Catalonia, 08193 
Spain",NA
"6","Baylor College of Medicine","","","","Asia","Japan","Kyoto","55%",82082,"bcm.edu","7137984951","One Baylor Plaza
 Houston, Texas, 77030-3498 
United States",NA
"7","Boston College","","","","North America","United States","Pennsylvania","67%",25025,"bc.edu","6175528000","140 Commonwealth Avenue
 Chestnut Hill, Massachusetts, 02467 
United States",NA
"8","Boston University","#49 of 14,131","#42 of 2,597","#39 of 2,496","Europe","Greece","Athens","",107107,"bu.edu","6173532000","One Silber Way
 Boston, Massachusetts, 02215 
United States",49
"9","Brigham Young University - Provo","#193 of 14,131","#99 of 2,597","#88 of 2,496","Europe","United Kingdom","England","58%",36036,"www.byu.edu","8014224636","Main Campus
 Provo, Utah, 84602 
United States",193
"10","Brown University","#76 of 14,131","#55 of 2,597","#52 of 2,496","North America","United States","Virginia","",80080,"www.brown.edu","4018631000","One Prospect Street
 Providence, Rhode Island, 02912 
United States",76
"11","California Institute of Technology","#51 of 14,131","#44 of 2,597","#41 of 2,496","Oceania","Australia","Melbourne","",138138,"www.caltech.edu","6263956811","1200 E California Blvd
 Pasadena, California, 91125 
United States",51
"12","Cardiff University","#195 of 14,131","#66 of 2,785","#20 of 163","Europe","Sweden","Uppsala","15%",75075,"www.cardiff.ac.uk","+44 (29) 2087 4000","Newport Road
 Cardiff, Wales, CF10 3AT 
United Kingdom",195
"13","Carnegie Mellon University","#43 of 14,131","#38 of 2,597","#36 of 2,496","North America","Canada","Ontario","",92092,"www.cmu.edu","4122682000","5000 Forbes Avenue
 Pittsburgh, Pennsylvania, 15213-3890 
United States",43
"14","Case Western Reserve University","#111 of 14,131","#68 of 2,597","#63 of 2,496","Europe","Netherlands","Nijmegen","91%",94094,"case.edu","2163682000","10900 Euclid Ave
 Cleveland, Ohio, 44106 
United States",111
"15","Catholic University of Leuven","#77 of 14,131","#13 of 2,785","#1 of 63","Asia","Japan","Tsukuba","34%",166166,"www.kuleuven.be","+32 (16) 324 311","Naamsestraat 22
 Leuven, Flemish Brabant, 3000 
Belgium",77
"16","Catholic University of Louvain","","","","North America","United States","Maryland","51%",52052,"uclouvain.be","+32 (10) 472 111","Place de l'Université, 1
 Louvain-la-Neuve, Walloon Brabant, 1348 
Belgium",NA
"17","Charles University","#172 of 14,131","#57 of 2,785","#1 of 67","North America","Canada","British Columbia","10%",66066,"cuni.cz","+420 224 491 111","Ovocný trh 560/5
 Prague, Prague, 116 36 
Czech Republic",172
"18","Chinese University of Hong Kong","#158 of 14,131","#14 of 5,830","#6 of 960","Asia","Israel","Jerusalem","65%",83083,"www.cuhk.edu.hk","+852 3943 7000","Shatin, New Territories
 Hong Kong 
China",158
"19","Clemson University","","","","North America","United States","Illinois","25%",37037,"clemson.edu","8646564636","201 Sikes Hall
 Clemson, South Carolina, 29634 
United States",NA
"20","Colorado State University - Fort Collins","#142 of 14,131","#84 of 2,597","#74 of 2,496","Asia","South Korea","Seoul","36%",60060,"www.colostate.edu","9704911101","102 Administration Building
 Fort Collins, Colorado, 80523-0100 
United States",142
"21","Columbia University","#9 of 14,131","#8 of 2,597","#8 of 2,496","Oceania","New Zealand","Dunedin","",205205,"www.columbia.edu","2128541754","West 116 St and Broadway
 New York, New York, 10027 
United States",9
"22","Complutense University of Madrid","#144 of 14,131","#39 of 2,785","#2 of 75","Europe","Germany","North Rhine-Westphalia","69%",86086,"ucm.es","+34 913944099","Avenida Séneca, 2
 Madrid, Community of Madrid, 28040 
Spain",144
"23","Cornell University","#13 of 14,131","#11 of 2,597","#11 of 2,496","North America","United States","New York State","",210210,"www.cornell.edu","6072552000","300 Day Hall
 Ithaca, New York, 14853 
United States",13
"24","Dalhousie University","","","","North America","United States","Utah","5%",51051,"www.dal.ca","+1 (902) 494 2450","6885 University Avenue
 Halifax, Nova Scotia, B3H 4H6 
Canada",NA
"25","Dartmouth College","#125 of 14,131","#74 of 2,597","#68 of 2,496","North America","United States","California","5%",46046,"home.dartmouth.edu","6036461110","207 Parkhurst Hall
 Hanover, New Hampshire, 03755-3529 
United States",125
"26","Delft University of Technology","#140 of 14,131","#38 of 2,785","#3 of 58","Europe","Netherlands","Groningen","41%",82082,"www.tudelft.nl","+31 (15) 27 89111","Stevinweg 1
 Delft, South Holland, 2628 CN 
Netherlands",140
"27","Dresden University of Technology","","","","Europe","Finland","Helsinki","68%",63063,"tu-dresden.de","+49 (351) 4630","Mommsenstrasse 11
 Dresden, Saxony, 01069 
Germany",NA
"28","Drexel University","","","","Europe","Netherlands","Utrecht","58%",45045,"drexel.edu","2158952000","3141 Chestnut St
 Philadelphia, Pennsylvania, 19104 
United States",NA
"29","Duke University","#22 of 14,131","#18 of 2,597","#17 of 2,496","Asia","China","Hong Kong","",178178,"duke.edu","9196848111","103 Allen Bldg
 Durham, North Carolina, 27708 
United States",22
"30","Durham University","#178 of 14,131","#58 of 2,785","#17 of 163","Asia","Japan","Sendai","15%",78078,"www.dur.ac.uk","+44 (191) 334 2000","The Palatine Centre, Stockton Road
 Durham, North East England, DH1 3LE 
United Kingdom",178
"31","Emory University","#83 of 14,131","#58 of 2,597","#54 of 2,496","Europe","Netherlands","Wageningen","57%",110110,"www.emory.edu","4047276123","201 Dowman Drive
 Atlanta, Georgia, 30322 
United States",83
"32","Erasmus University Rotterdam","#189 of 14,131","#64 of 2,785","#7 of 58","North America","United States","Missouri","78%",81081,"www.eur.nl","+31 (10) 408 1111","Burgemeester Oudlaan 50
 Rotterdam, South Holland, 3062 PA 
Netherlands",189
"33","Federal Institute of Technology Lausanne","#120 of 14,131","#31 of 2,785","#3 of 23","Europe","Germany","Baden-Wurttemberg","5%",87087,"www.epfl.ch","+41 (21) 693 1111","Ecublens
 Lausanne, Vaud, 1015 
Switzerland",120
"34","Federal University of Minas Gerais","","","","North America","Canada","Ontario","43%",77077,"ufmg.br","+55 (31) 3409 5000","Avenida Presidente Antônio Carlos 6627 - Pampulha
 Belo Horizonte, Minas Gerais, 31270-901 
Brazil",NA
"35","Federal University of Rio de Janeiro","","","","Europe","Germany","Baden-Wurttemberg","19%",90090,"ufrj.br","+55 (21) 2598 9603","Avenida Pedro Calmon, 550
 Rio de Janeiro, Rio de Janeiro, 21941-901 
Brazil",NA
"36","Federal University of Rio Grande do Sul","","","","North America","United States","Indiana","76%",92092,"www.ufrgs.br","+55 (51) 3308 3142","Avenida Paulo Gama 110- Farroupilha
 Porto Alegre, Rio Grande do Sul, 90040-060 
Brazil",NA
"37","Federico II University of Naples","","","","North America","United States","Illinois","8%",60060,"www.unina.it","+39 081 547 7200","Corso Umberto I, 40
 Napoli, Campania, 80138 
Italy",NA
"38","Florida State University","#135 of 14,131","#80 of 2,597","#71 of 2,496","Europe","France","Ile-de-France","44%",58058,"www.fsu.edu","8506442525","222 S. Copeland Street
 Tallahassee, Florida, 32306-1037 
United States",135
"39","Free University Amsterdam","#167 of 14,131","#53 of 2,785","#6 of 58","North America","Canada","Ontario","71%",68068,"vu.nl","+31 (20) 598 5000","De Boelelaan 1105
 Amsterdam, North Holland, 1081 HV 
Netherlands",167
"40","Free University of Berlin","#152 of 14,131","#46 of 2,785","#8 of 369","North America","United States","Indiana","38%",60060,"www.fu-berlin.de","+49 (30) 8381","Kaiserswerther Strasse 16-18
 Berlin, Berlin, 14195 
Germany",152
"41","Free University of Brussels","","","","Europe","United Kingdom","England","21%",51051,"www.ulb.be","+32 (2) 650 2111","Avenue Franklin Roosevelt, 50
 Brussels, Brussels, 1050 
Belgium",NA
"42","Friedrich Schiller University of Jena","","","","North America","United States","Michigan","26%",41041,"www.uni-jena.de","","Fürstengraben 1
 Jena, Thuringia, 07743 
Germany",NA
"43","Fudan University","#164 of 14,131","#17 of 5,830","#7 of 960","Europe","United Kingdom","England","21%",120120,"www.fudan.edu.cn","+86 (21) 6564 2258","220 Handan Road
 Shanghai, Shanghai, 200433 
China",164
"44","George Mason University","","","","North America","United States","Rhode Island","37%",38038,"gmu.edu","7039931000","4400 University Dr
 Fairfax, Virginia, 22030-4444 
United States",NA
"45","George Washington University","#132 of 14,131","#78 of 2,597","#70 of 2,496","Europe","Russia","Moscow","52%",52052,"www.gwu.edu","2029941000","1918 F Street, NW
 Washington, District of Columbia, 20052 
United States",132
"46","Georgetown University","#136 of 14,131","#81 of 2,597","#72 of 2,496","Europe","Netherlands","Leiden","45%",41041,"www.georgetown.edu","2026870100","37th and O St NW
 Washington, District of Columbia, 20057-0001 
United States",136
"47","Georgia Institute of Technology","#67 of 14,131","#51 of 2,597","#48 of 2,496","Europe","Sweden","Stockholm","",107107,"www.gatech.edu","4048942000","225 North Ave
 Atlanta, Georgia, 30332-0530 
United States",67
"48","Georgia State University","","","","North America","United States","Massachusetts","7%",33033,"www.gsu.edu","4044132000","33 gilmer st
 Atlanta, Georgia, 30303-3083 
United States",NA
"49","Ghent University","#116 of 14,131","#30 of 2,785","#2 of 63","Europe","Germany","North Rhine-Westphalia","45%",99099,"www.ugent.be","+32 (9) 264 3011","Sint-Pietersnieuwstraat 25
 Ghent, East Flanders, 9000 
Belgium",116
"50","Harvard University","#1 of 14,131","#1 of 2,597","#1 of 2,496","Europe","Spain","Granada","",478478,"www.harvard.edu","6174951000","Massachusetts Hall
 Cambridge, Massachusetts, 02138 
United States",1
"51","Hebrew University of Jerusalem","#143 of 14,131","#13 of 5,830","#2 of 36","Asia","China","Hong Kong","20%",87087,"null","+972 (2) 588 2111","Mount Scopus
 Jerusalem, Jerusalem District, 91905 
Israel",143
"52","Heidelberg University - Germany","#74 of 14,131","#12 of 2,785","#2 of 369","Latin America","Brazil","Rio de Janeiro","",107107,"www.uni-heidelberg.de","+49 (6221) 540","Grabengasse 1
 Heidelberg, Baden-Wurttemberg, 69117 
Germany",74
"53","Hokkaido University","#196 of 14,131","#19 of 5,830","#7 of 719","North America","Canada","Quebec State","59%",104104,"www.hokudai.ac.jp","+81 (11) 716 2111","Nishi 5 Kita 8, Kita-ku
 Sapporo, Hokkaido, 060-0808 
Japan",196
"54","Hong Kong Polytechnic University","","","","North America","United States","North Carolina","55%",67067,"www.polyu.edu.hk","+852 2766 5111","Hung Hom
 Hong Kong 
China",NA
"55","Huazhong University of Science and Technology","","","","Oceania","Australia","St Lucia","19%",121121,"hust.edu.cn","+86 (27) 8754 2157","1037 Luoyu Road, Hongshan
 Wuhan, Hubei, 430074 
China",NA
"56","Humboldt University of Berlin","#153 of 14,131","#47 of 2,785","#9 of 369","Europe","United Kingdom","England","67%",57057,"www.hu-berlin.de","+49 (30) 2093 0","Unter den Linden 6
 Berlin, Berlin, 10099 
Germany",153
"57","Imperial College London","#45 of 14,131","#5 of 2,785","#5 of 163","Asia","Israel","Haifa","",186186,"www.imperial.ac.uk","+44 (20) 7589 5111","South Kensington Campus, Exhibition Road
 London, London, SW7 2AZ 
United Kingdom",45
"58","Indiana University - Bloomington","#52 of 14,131","#45 of 2,597","#42 of 2,496","Europe","Germany","Schleswig-Holstein","",138138,"null","8128554848","107 South Indiana Ave.
 Bloomington, Indiana, 47405-7000 
United States",52
"59","Iowa State University","#89 of 14,131","#60 of 2,597","#56 of 2,496","North America","United States","New York State","34%",97097,"www.iastate.edu","5152944111","1750 Beardshear Hall
 Ames, Iowa, 50011-2103 
United States",89
"60","Johannes Gutenberg University Mainz","","","","Latin America","Mexico","Mexico City","34%",63063,"www.uni-mainz.de","+49 (6131) 39-0","Saarstrasse 21
 Mainz, Rhineland-Palatinate, 55122 
Germany",NA
"61","Johns Hopkins University","#14 of 14,131","#12 of 2,597","#12 of 2,496","Latin America","Argentina","Buenos Aires","",222222,"www.jhu.edu","4105168000","3400 N Charles St
 Baltimore, Maryland, 21218-2688 
United States",14
"62","Kansas State University","","","","North America","United States","California","31%",40040,"www.k-state.edu","7855326011","919 Mid-Campus Drive, Anderson Hall
 Manhattan, Kansas, 66506 
United States",NA
"63","Karlsruhe Institute of Technology","#181 of 14,131","#60 of 2,785","#12 of 369","Europe","Switzerland","Lausanne","84%",73073,"www.kit.edu","+49 (721) 608 0","Kaiserstrasse 12
 Karlsruhe, Baden-Wurttemberg, 76131 
Germany",181
"64","Karolinska Institute","#145 of 14,131","#40 of 2,785","#3 of 39","North America","United States","Washington","69%",103103,"ki.se","+46 (8) 5248 6400","Stockholm, Stockholm County, 171 77 
Sweden",145
"65","Keio University","#162 of 14,131","#16 of 5,830","#5 of 719","Europe","United Kingdom","England","96%",65065,"keio.ac.jp","+81 (3) 5453 4511","2-15-45 Mita, Minato-ku
 Tokyo, Tokyo, 108-8345 
Japan",162
"66","Kiel University","","","","North America","United States","Indiana","70%",50050,"www.uni-kiel.de","+49 (431) 880 00","Christian-Albrechts-Platz 4
 Kiel, Schleswig-Holstein, 24118 
Germany",NA
"67","King's College London","#79 of 14,131","#14 of 2,785","#7 of 163","Europe","Denmark","Kongens Lyngby","82%",105105,"www.kcl.ac.uk","+44 (20) 7836 5454","London Strand
 London, London, WC2R 2LS 
United Kingdom",79
"68","KTH Royal Institute of Technology","","","","North America","United States","Georgia","12%",59059,"www.kth.se","+46 (8) 790 6000","Valhallavägen 79
 Stockholm, Stockholm County, 100 44 
Sweden",NA
"69","Kyoto University","#55 of 14,131","#3 of 5,830","#2 of 719","North America","United States","Texas","",196196,"www.kyoto-u.ac.jp","+81 (75) 753 7531","Yoshida-Honmachi
 Kyoto, Kyoto, 606-8501 
Japan",55
"70","Kyushu University","#177 of 14,131","#18 of 5,830","#6 of 719","Europe","Italy","Lombardy","18%",130130,"www.kyushu-u.ac.jp","+81 (92) 642 2111","6-10-1 Hakozaki
 Fukuoka, Fukuoka, 812-8581 
Japan",177
"71","Laval University","","","","Europe","United Kingdom","England","53%",63063,"www.ulaval.ca","+1 (418) 656 2131","2305 Rue de l'Université
 Quebec City, Quebec, G1V O6A 
Canada",NA
"72","Leiden University","#165 of 14,131","#51 of 2,785","#5 of 58","North America","United States","District of Columbia","63%",65065,"www.universiteitleiden.nl","+31 (71) 527 8011","Rapenburg 73
 Leiden, South Holland, 2311 EZ 
Netherlands",165
"73","London School of Economics and Political Science","#148 of 14,131","#43 of 2,785","#16 of 163","Europe","Germany","Brandenburg","76%",34034,"www.lse.ac.uk","+44 (20) 7405 7686","Houghton Street
 London, London, WC2A 2AE 
United Kingdom",148
"74","Louisiana State University and Agricultural & Mechanical College","#160 of 14,131","#88 of 2,597","#78 of 2,496","North America","Canada","Ontario","11%",68068,"lsu.edu","2255783202","156 Thomas Boyd Hall
 Baton Rouge, Louisiana, 70803-2750 
United States",160
"75","Lund University","#93 of 14,131","#20 of 2,785","#1 of 39","Europe","Sweden","Gothenburg","62%",109109,"www.lu.se","","PO Box 117
 Lund, Skane County, 221 00 
Sweden",93
"76","Massachusetts Institute of Technology","#4 of 14,131","#4 of 2,597","#4 of 2,496","North America","United States","Georgia","",242242,"mit.edu","6172531000","77 Massachusetts Avenue
 Cambridge, Massachusetts, 02139-4307 
United States",4
"77","McGill University","#47 of 14,131","#41 of 2,597","#3 of 101","Latin America","Brazil","Campinas","",144144,"www.mcgill.ca","+1 (514) 369 1342","845 Sherbrooke Street West
 Montréal, Quebec, H3A 0G4 
Canada",47
"78","McMaster University","#141 of 14,131","#83 of 2,597","#10 of 101","North America","United States","Louisiana","10%",89089,"mcmaster.ca","+1 (905) 525 9140","1280 Main Street West
 Hamilton, Ontario, L8S 4L8 
Canada",141
"79","Michigan State University","#40 of 14,131","#35 of 2,597","#33 of 2,496","North America","United States","Florida","",121121,"msu.edu","5173551855","220 Trowbridge Road
 East Lansing, Michigan, 48824-1046 
United States",40
"80","Monash University","#114 of 14,131","#6 of 59","#6 of 40","Europe","United Kingdom","England","65%",90090,"www.monash.edu","+61 (0)3 9905 6000","Wellington Road
 Clayton, Victoria, 3800 
Australia",114
"81","Moscow State University","#169 of 14,131","#55 of 2,785","#1 of 385","North America","United States","District of Columbia","5%",110110,"www.msu.ru","+7 (95) 939 1000","Leninskie Gory
 Moscow, Moscow, 119992 
Russia",169
"82","Nagoya University","#198 of 14,131","#20 of 5,830","#8 of 719","North America","United States","Illinois","9%",115115,"www.nagoya-u.ac.jp","+81 (52) 789 2044","Furo-cho, Chikusa-ku
 Nagoya, Aichi, 464-8601 
Japan",198
"83","Nanjing University","","","","North America","United States","Florida","82%",106106,"www.nju.edu.cn","+86 (25) 8359 3186","22 Hankou Road, Gulou District
 Nanjing, Jiangsu, 210093 
China",NA
"84","Nanyang Technological University","","","","Europe","United Kingdom","England","56%",99099,"www.ntu.edu.sg","+65 6791 1744","50 Nanyang Avenue
 Singapore, 639798 
Singapore",NA
"85","National and Kapodistrian University of Athens","","","","North America","United States","Massachusetts","23%",64064,"www.uoa.gr","+30 (210) 368 9771","odos Panepistimiou 30
 Athens, Attica, 10679 
Greece",NA
"86","National Autonomous University of Mexico","#82 of 14,131","#2 of 1,756","#1 of 538","Europe","Germany","Rhineland-Palatinate","32%",137137,"www.unam.mx","+52 (55) 5622 1280","Ciudad Universitaria
 Mexico City, Mexico City, 04510 
Mexico",82
"87","National Taiwan University","#118 of 14,131","#9 of 5,830","#1 of 144","Oceania","Australia","Adelaide","77%",114114,"www.ntu.edu.tw","+886 (2) 2362 6801","No. 1, Section 4, Roosevelt Road
 Taipei City, Taipei, 10617 
Taiwan",118
"88","National University of Singapore","#85 of 14,131","#5 of 5,830","#1 of 8","North America","United States","Texas","6%",147147,"nus.edu.sg","+65 6516 1081","21 Lower Kent Ridge Road
 Singapore, 119077 
Singapore",85
"89","New York University","#25 of 14,131","#21 of 2,597","#20 of 2,496","Europe","United Kingdom","Scotland","",150150,"null","2129981212","70 Washington Sq South
 New York, New York, 10012-1091 
United States",25
"90","Newcastle University","#187 of 14,131","#63 of 2,785","#19 of 163","Oceania","Australia","Clayton","65%",63063,"www.ncl.ac.uk","+44 (191) 208 6000","King's Gate
 Newcastle upon Tyne, North East England, NE1 7RU 
United Kingdom",187
"91","Normal Superior School","#166 of 14,131","#52 of 2,785","#1 of 224","North America","United States","Florida","32%",99099,"www.ens.psl.eu","+33 (0)1 44 32 30 00","45 Rue d'Ulm
 Paris, Ile-de-France, 75230 
France",166
"92","North Carolina State University at Raleigh","#70 of 14,131","#53 of 2,597","#50 of 2,496","Europe","Norway","Bergen","",88088,"www.ncsu.edu","9195152011","2101 Hillsborough Street
 Raleigh, North Carolina, 27695-7001 
United States",70
"93","Northeastern University","","","","North America","United States","Massachusetts","30%",53053,"northeastern.edu","6173732000","360 Huntington Ave
 Boston, Massachusetts, 02115-5005 
United States",NA
"94","Northwestern University","#28 of 14,131","#24 of 2,597","#23 of 2,496","North America","United States","South Carolina","",169169,"www.northwestern.edu","8474913741","633 Clark St
 Evanston, Illinois, 60208 
United States",28
"95","Norwegian University of Science and Technology","","","","North America","United States","California","67%",60060,"www.ntnu.no","+47 73 59 50 00","NTNU
 Trondheim, Trondelag, 7491 
Norway",NA
"96","Ohio State University","#24 of 14,131","#20 of 2,597","#19 of 2,496","Asia","China","Jinan","",208208,"null","6142926446","190 N. Oval Mall
 Columbus, Ohio, 43210 
United States",24
"97","Oklahoma State University","","","","North America","United States","California","17%",32032,"go.okstate.edu","4057445000","107 Whitehurst
 Stillwater, Oklahoma, 74078-1015 
United States",NA
"98","Oregon State University","#121 of 14,131","#72 of 2,597","#66 of 2,496","Europe","United Kingdom","England","1%",55055,"oregonstate.edu","5417370123","1500 SW Jefferson Avenue
 Corvallis, Oregon, 97331 
United States",121
"99","Osaka University","#96 of 14,131","#6 of 5,830","#3 of 719","Europe","Germany","Bavaria","84%",168168,"www.osaka-u.ac.jp","+81 (66) 877 5111","1-1 Yamadaoka
 Suita, Osaka, 565-0871 
Japan",96
"100","Peking University","#59 of 14,131","#4 of 5,830","#2 of 960","Europe","United Kingdom","England","",184184,"www.pku.edu.cn","+86 (10) 6275 1246","5 Yiheyuan Road, Haidian District
 Beijing, Beijing, 100871 
China",59
"101","Pennsylvania State University","#23 of 14,131","#19 of 2,597","#18 of 2,496","Oceania","Australia","Brisbane","",177177,"www.psu.edu","+1 (814) 865 4700","201 Old Main
 University Park, Pennsylvania, 16802-1503 
United States",23
"102","Polytechnic University of Milan","","","","North America","United States","North Carolina","37%",50050,"www.polimi.it","+39 02 2399 9738/6923","Piazza Leonardo da Vinci, 32
 Milano, Lombardia, 20133 
Italy",NA
"103","Princeton University","#19 of 14,131","#16 of 2,597","#15 of 2,496","Europe","United Kingdom","England","",135135,"princeton.edu","6092583000","1 Nassau Hall
 Princeton, New Jersey, 08544-0070 
United States",19
"104","Purdue University","#39 of 14,131","#34 of 2,597","#32 of 2,496","Latin America","Brazil","Porto Alegre","",147147,"purdue.edu","7654944600","Hovde Hall of Administration
 West Lafayette, Indiana, 47907-2040 
United States",39
"105","Queen Mary University of London","","","","North America","United States","Virginia","82%",65065,"qmul.ac.uk","+44 (20) 7882 5555","327 Mile End Road
 London, London, E1 4NS 
United Kingdom",NA
"106","Queen's University","","","","North America","United States","Pennsylvania","16%",50050,"www.qub.ac.uk","+1 (613) 533 2000","206 Richardson Hall
 Kingston, Ontario, K7L 3N6 
Canada",NA
"107","Queen's University Belfast","","","","Asia","Japan","Tokyo","35%",70070,"queensu.ca","+44 (28) 9024 5133","University Road
 Belfast, Northern Ireland, BT7 1NN 
United Kingdom",NA
"108","Queensland University of Technology","","","","North America","United States","Pennsylvania","68%",49049,"qut.edu.au","+61 (0)7 3138 2000","2 George Street; GPO Box 2434
 Brisbane, Queensland, 4000 
Australia",NA
"109","Radboud University","#190 of 14,131","#65 of 2,785","#8 of 58","North America","United States","Ohio","14%",72072,"www.ru.nl","+31 (24) 361 61 61","Houtlaan 4
 Nijmegen, Gelderland, 6525 XZ 
Netherlands",190
"110","Rensselaer Polytechnic Institute","","","","North America","United States","New York State","11%",35035,"rpi.edu","5182766000","110 8th St
 Troy, New York, 12180-3590 
United States",NA
"111","Rice University","#173 of 14,131","#91 of 2,597","#81 of 2,496","Europe","Germany","North Rhine-Westphalia","10%",51051,"www.rice.edu","7133480000","6100 S Main St
 Houston, Texas, 77005-1827 
United States",173
"112","RMIT University","","","","North America","United States","California","80%",73073,"www.rmit.edu.au","+61 (0)3 9925 2000","124 La Trobe Street
 Melbourne, Victoria, 3000 
Australia",NA
"113","Ruhr University Bochum","","","","Europe","Denmark","Copenhagen","48%",64064,"www.ruhr-uni-bochum.de","+49 (234) 32 25483","Universitätsstrasse 150
 Bochum, North Rhine-Westphalia, 44801 
Germany",NA
"114","Rutgers University - New Brunswick","#35 of 14,131","#31 of 2,597","#29 of 2,496","Europe","Poland","Warsaw","",143143,"newbrunswick.rutgers.edu","8484454636","83 Somerset St
 New Brunswick, New Jersey, 08901-1281 
United States",35
"115","RWTH Aachen University","#157 of 14,131","#49 of 2,785","#11 of 369","Europe","Spain","Madrid","42%",85085,"rwth-aachen.de","+49 (241) 801","Templergraben 55
 Aachen, North Rhine-Westphalia, 52062 
Germany",157
"116","Sapienza University of Rome","#104 of 14,131","#25 of 2,785","#2 of 88","Europe","Germany","Saxony","42%",138138,"www.uniroma1.it","+39 06 4991 0292","Piazzale Aldo Moro, 5
 Roma, Lazio, 00185 
Italy",104
"117","Seoul National University","#159 of 14,131","#15 of 5,830","#1 of 193","North America","United States","Colorado","84%",123123,"snu.ac.kr","+82 (2) 880 4447","1 Gwanak-ro, Gwanak-gu
 Seoul, Seoul, 151-742 
South Korea",159
"118","Shandong University","","","","North America","United States","Ohio","21%",99099,"sdu.edu.cn","+86 (531) 883 64853","27 Shanda S Road, Licheng
 Jinan, Shandong, 250100 
China",NA
"119","Shanghai Jiao Tong University","#110 of 14,131","#8 of 5,830","#4 of 960","North America","United States","South Carolina","72%",183183,"www.sjtu.edu.cn","+86 (21) 6293 2414","800 Dongchuan Road, Minhang
 Shanghai, Shanghai, 200240 
China",110
"120","Simon Fraser University","#129 of 14,131","#76 of 2,597","#7 of 101","Europe","Czech Republic","Prague","66%",45045,"www.sfu.ca","+1 (778) 782 6930","8888 University Drive
 Burnaby, British Columbia, V5A1S6 
Canada",129
"121","Stanford University","#2 of 14,131","#2 of 2,597","#2 of 2,496","Europe","Ireland","Dublin","",287287,"stanford.edu","6507232300","450 Serra Mall
 Stanford, California, 94305 
United States",2
"122","State University of Campinas","","","","North America","Canada","Quebec State","5%",105105,"www.unicamp.br","+55 (19) 3521 4718","Cidade Universitária Zeferino Vaz s/n - Barão Geraldo
 Campinas, Sao Paulo, 13083-970 
Brazil",NA
"123","Stockholm University","","","","Europe","Austria","Vienna","75%",55055,"www.su.se","+46 (8) 162 000","Universitetsvägen 10
 Stockholm, Stockholm County, 106 91 
Sweden",NA
"124","Stony Brook University","","","","North America","United States","Iowa State","96%",60060,"www.stonybrook.edu","6316326000","310 Administration Building
 Stony Brook, New York, 11794-0701 
United States",NA
"125","Sun Yat - Sen University","","","","Asia","China","Beijing","30%",117117,"sysu.edu.cn","+86 (20) 8411 1085","135 Xingang Xilu
 Guangzhou, Guangdong, 510275 
China",NA
"126","Swiss Federal Institute of Technology Zurich","#62 of 14,131","#8 of 2,785","#1 of 23","Europe","Italy","Tuscany","",109109,"ethz.ch","+41 (44) 632 1111","Rämistrasse 101
 Zürich, Zurich, 8092 
Switzerland",62
"127","Technical University of Berlin","","","","Europe","United Kingdom","Scotland","57%",53053,"www.tu.berlin","+49 (30) 3140","Strasse des 17. Juni 135
 Berlin, Berlin, 10623 
Germany",NA
"128","Technical University of Denmark","","","","Europe","United Kingdom","England","35%",59059,"www.dtu.dk","+45 4525 2525","Anker Engelundsvej 1
 Kongens Lyngby, Capital Region of Denmark, 2800 
Denmark",NA
"129","Technical University of Munich","#86 of 14,131","#16 of 2,785","#3 of 369","North America","United States","California","17%",109109,"www.tum.de","+49 (89) 289 01","Arcisstrasse 21
 München, Bavaria, 80333 
Germany",86
"130","Technion - Israel Institute of Technology","","","","Europe","United Kingdom","England","18%",68068,"www.technion.ac.il","+972 (4) 829 2111","Technion City
 Haifa, Haifa District, 32000 
Israel",NA
"131","Tel Aviv University","#119 of 14,131","#10 of 5,830","#1 of 36","North America","United States","New York State","18%",101101,"tau.ac.il","+972 (3) 640 8111","PO Box 39040
 Tel Aviv, Tel Aviv District, 6997801 
Israel",119
"132","Temple University","#163 of 14,131","#89 of 2,597","#79 of 2,496","North America","United States","Tennessee","12%",59059,"temple.edu","2152047000","1801 North Broad Street
 Philadelphia, Pennsylvania, 19122-6096 
United States",163
"133","Texas A&M University - College Station","#41 of 14,131","#36 of 2,597","#34 of 2,496","Asia","Japan","Tokyo","",144144,"www.tamu.edu","9798453211","JKW Administration Building, Suite 200
 College Station, Texas, 77843-1248 
United States",41
"134","Tohoku University","#123 of 14,131","#11 of 5,830","#4 of 719","Europe","United Kingdom","England","32%",153153,"www.tohoku.ac.jp","+81 (22) 217 4844","2-1-1 Katahira, Aoba-ku
 Sendai, Miyagi, 980-8577 
Japan",123
"135","Tokyo Institute of Technology","","","","North America","United States","Texas","85%",92092,"www.titech.ac.jp","+81 (3) 5734 2975","2-12-1 O-Okayama, Meguro-ku
 Tokyo, Tokyo, 152-8550 
Japan",NA
"136","Trinity College Dublin, University of Dublin","","","","North America","United States","California","5%",44044,"tcd.ie","+353 (1) 677 2941","College Green
 Dublin, County Dublin, D02 PN40 
Ireland",NA
"137","Tsinghua University","#54 of 14,131","#2 of 5,830","#1 of 960","Asia","China","Guangzhou","",188188,"www.tsinghua.edu.cn","+86 (10) 6278 3769","30 Shuang Qing Road, Haidian District
 Beijing, Beijing, 100084 
China",54
"138","Tufts University","#94 of 14,131","#62 of 2,597","#58 of 2,496","North America","United States","Massachusetts","64%",58058,"www.tufts.edu","6176285000","419 Boston Avenue
 Medford, Massachusetts, 02155-5555 
United States",94
"139","Tulane University of Louisiana","","","","North America","United States","Missouri","15%",42042,"tulane.edu","5048655000","6823 St. Charles Avenue
 New Orleans, Louisiana, 70118-5698 
United States",NA
"140","Umea University","","","","Europe","United Kingdom","England","63%",46046,"umu.se","+46 (90) 786 5000","Campus Umeå
 Umeå, Vasterbotten County, 901 87 
Sweden",NA
"141","University at Buffalo","#182 of 14,131","#95 of 2,597","#84 of 2,496","Asia","Israel","Tel Aviv","8%",54054,"buffalo.edu","7166452000","12 Capen Hall
 Buffalo, New York, 14260-1660 
United States",182
"142","University College Dublin","","","","Oceania","Australia","Melbourne","5%",49049,"www.ucd.ie","+353 (1) 716 7777","Belfield
 Dublin, County Dublin, D04 V1W8 
Ireland",NA
"143","University College London","#20 of 14,131","#3 of 2,785","#3 of 163","Europe","Sweden","Umea","",191191,"www.ucl.ac.uk","+44 (20) 7679 2000","Gower Street
 London, London, WC1E 6BT 
United Kingdom",20
"144","University of Aberdeen","","","","North America","United States","New York State","32%",44044,"www.abdn.ac.uk","+44 (1224) 272 000","Elphinstone Road, King's College
 Aberdeen, Scotland, AB24 3FX 
United Kingdom",NA
"145","University of Adelaide","#183 of 14,131","#8 of 59","#7 of 40","Asia","Taiwan","Taipei","77%",68068,"www.adelaide.edu.au","+61 (0)8 8303 4455","North Terrace
 Adelaide, South Australia, 5005 
Australia",183
"146","University of Alabama","","","","Oceania","Australia","Sydney","84%",75075,"www.uab.edu","2053486010","739 University Blvd
 Tuscaloosa, Alabama, 35487-0100 
United States",NA
"147","University of Alabama at Birmingham","#192 of 14,131","#98 of 2,597","#87 of 2,496","Asia","China","Hangzhou","32%",44044,"ua.edu","2059344011","Administration Bldg Suite 1070
 Birmingham, Alabama, 35294-0110 
United States",192
"148","University of Alberta","#78 of 14,131","#56 of 2,597","#4 of 101","Europe","United Kingdom","England","60%",134134,"www.ualberta.ca","+1 (780) 492 3111","116 St. and 85 Ave.
 Edmonton, Alberta, T6G 2R3 
Canada",78
"149","University of Amsterdam","#68 of 14,131","#9 of 2,785","#1 of 58","North America","United States","Texas","",125125,"www.uva.nl","+31 (20) 525 9111","Spui 21
 Amsterdam, North Holland, 1012 WX 
Netherlands",68
"150","University of Arizona","#42 of 14,131","#37 of 2,597","#35 of 2,496","North America","United States","Maryland","",139139,"www.arizona.edu","5206212211","1401 E University
 Tucson, Arizona, 85721-0066 
United States",42
"151","University of Auckland","#174 of 14,131","#7 of 59","#1 of 8","Asia","China","Hong Kong","80%",67067,"www.auckland.ac.nz","+64 (9) 373 7999","Private Bag 92019
 Auckland, Auckland 
New Zealand",174
"152","University of Barcelona","#107 of 14,131","#27 of 2,785","#1 of 75","North America","United States","Michigan","20%",99099,"www.ub.edu","+34 934021100","Gran Via de Les Corts Catalanes, 585
 Barcelona, Catalonia, 08007 
Spain",107
"153","University of Basel","","","","North America","United States","California","84%",47047,"www.unibas.ch","+41 (61) 267 3111","Postfach, Petersplatz 1
 Basel, Basel-Stadt, 4001 
Switzerland",NA
"154","University of Bergen","","","","North America","United States","North Carolina","8%",46046,"uib.no","+47 55 58 00 00","Muséplassen 1
 Bergen, Hordaland, 5007 
Norway",NA
"155","University of Bern","#171 of 14,131","#56 of 2,785","#5 of 23","Europe","Germany","Lower Saxony","15%",70070,"www.unibe.ch","+41 (31) 631 3470","Hochschulstrasse 4
 Bern, Bern, 3012 
Switzerland",171
"156","University of Birmingham","#101 of 14,131","#24 of 2,785","#10 of 163","Asia","Singapore","Singapore City","45%",104104,"birmingham.ac.uk","+44 (121) 414 3344","Edgbaston
 Birmingham, West Midlands, B15 2TT 
United Kingdom",101
"157","University of Bologna","#98 of 14,131","#22 of 2,785","#1 of 88","Europe","Spain","Cerdanyola del Valles","25%",102102,"www.unibo.it","+39 051 209 9965","Via Zamboni, 33
 Bologna, Emilia-Romagna, 40126 
Italy",98
"158","University of Bonn","#128 of 14,131","#33 of 2,785","#4 of 369","North America","United States","Texas","63%",78078,"www.uni-bonn.de","+49 (228) 73 0","Regina-Pacis-Weg 3
 Bonn, North Rhine-Westphalia, 53113 
Germany",128
"159","University of Bristol","#99 of 14,131","#23 of 2,785","#9 of 163","North America","Canada","Quebec State","71%",104104,"bristol.ac.uk","+44 (117) 928 9000","Beacon House, Queens Road
 Bristol, South West England, BS8 1QU 
United Kingdom",99
"160","University of British Columbia","#33 of 14,131","#29 of 2,597","#2 of 101","Europe","Switzerland","Lausanne","",184184,"www.ubc.ca","+1 (604) 822 8999","2329 West Mall
 Vancouver, British Columbia, V6T 1Z4 
Canada",33
"161","University of Buenos Aires","","","","North America","United States","Maryland","11%",52052,"uba.ar","+54 (11) 4510 1100","Viamonte 430/444 y Reconquista 694
 Buenos Aires, City of Buenos Aires, C1053 
Argentina",NA
"162","University of Calgary","#131 of 14,131","#77 of 2,597","#8 of 101","North America","United States","New Mexico","49%",92092,"ucalgary.ca","+1 (403) 210 7625","2500 University Drive NW
 Calgary, Alberta, T2N 1N4 
Canada",131
"163","University of California - Berkeley","#5 of 14,131","#5 of 2,597","#5 of 2,496","North America","United States","Oklahoma State","",241241,"www.berkeley.edu","5106426000","200 California Hall
 Berkeley, California, 94720 
United States",5
"164","University of California - Davis","#34 of 14,131","#30 of 2,597","#28 of 2,496","Europe","Norway","Trondheim","",155155,"www.ucdavis.edu","5307521011","One Shields Avenue
 Davis, California, 95616-8678 
United States",34
"165","University of California - Irvine","#56 of 14,131","#46 of 2,597","#43 of 2,496","Europe","Switzerland","Basel","",101101,"uci.edu","9498245011","501 Aldrich Hall
 Irvine, California, 92697 
United States",56
"166","University of California - Los Angeles","#6 of 14,131","#6 of 2,597","#6 of 2,496","North America","United States","Kentucky","",247247,"www.ucla.edu","3108254321","405 Hilgard Ave
 Los Angeles, California, 90095-1405 
United States",6
"167","University of California - Riverside","","","","Europe","Germany","Bavaria","55%",48048,"ucr.edu","9518271012","900 University Ave
 Riverside, California, 92521 
United States",NA
"168","University of California - San Francisco","#46 of 14,131","#40 of 2,597","#38 of 2,496","Europe","United Kingdom","England","",160160,"www.ucsf.edu","4154769000","500 Parnassus Ave
 San Francisco, California, 94143-0244 
United States",46
"169","University of California - Santa Barbara","#84 of 14,131","#59 of 2,597","#55 of 2,496","North America","United States","Oklahoma State","85%",72072,"www.ucsb.edu","8058938000","5221 Cheadle Hall
 Santa Barbara, California, 93106 
United States",84
"170","University of California - Santa Cruz","#176 of 14,131","#93 of 2,597","#83 of 2,496","North America","United States","New Hampshire","49%",40040,"www.ucsc.edu","8314590111","1156 High St
 Santa Cruz, California, 95064-1011 
United States",176
"171","University of California-San Diego","#30 of 14,131","#26 of 2,597","#25 of 2,496","North America","Canada","British Columbia","",179179,"ucsd.edu","8585342230","9500 Gilman Dr
 La Jolla, California, 92093 
United States",30
"172","University of Cambridge","#7 of 14,131","#1 of 2,785","#1 of 163","Europe","Belgium","Brussels","",260260,"www.cam.ac.uk","+44 (1223) 337 733","The Old Schools, Trinity Lane
 Cambridge, East of England, CB2 1TN 
United Kingdom",7
"173","University of Cape Town","","","","Oceania","Australia","Sydney","46%",56056,"www.uct.ac.za","+27 (21) 650 9111","Private Bag
 Cape Town, Western Cape, 7700 
South Africa",NA
"174","University of Central Florida","","","","North America","United States","Michigan","63%",44044,"www.ucf.edu","4078232000","4000 Central Florida Blvd
 Orlando, Florida, 32816 
United States",NA
"175","University of Chicago","#27 of 14,131","#23 of 2,597","#22 of 2,496","Europe","Portugal","Porto","",148148,"www.uchicago.edu","7737021234","5801 S Ellis Ave
 Chicago, Illinois, 60637 
United States",27
"176","University of Chile","","","","North America","United States","Colorado","27%",59059,"www.uchile.cl","+56 (2) 978 2000","Avenida Libertador Bernardo O'Higgins Nº 1058
 Santiago, Region Metropolitana de Santiago 
Chile",NA
"177","University of Cincinnati","#188 of 14,131","#96 of 2,597","#85 of 2,496","North America","United States","Kansas State","14%",66066,"www.uc.edu","5135566000","2624 Clifton Avenue
 Cincinnati, Ohio, 45221-0063 
United States",188
"178","University of Cologne","#185 of 14,131","#61 of 2,785","#13 of 369","Europe","Belgium","Ghent","84%",60060,"uni-koeln.de","","Albertus-Magnus-Platz
 Köln, North Rhine-Westphalia, 50923 
Germany",185
"179","University of Colorado Boulder","#58 of 14,131","#47 of 2,597","#44 of 2,496","Latin America","Chile","Santiago","",104104,"www.colorado.edu","3034921411","Regent Drive at Broadway
 Boulder, Colorado, 80309-0017 
United States",58
"180","University of Connecticut","#122 of 14,131","#73 of 2,597","#67 of 2,496","North America","Canada","Ontario","89%",72072,"uconn.edu","8604862000","352 Mansfield Road
 Storrs, Connecticut, 06269 
United States",122
"181","University of Copenhagen","#73 of 14,131","#11 of 2,785","#1 of 27","Europe","Germany","North Rhine-Westphalia","",136136,"www.ku.dk","+45 3532 2626","Nørregade 10, Postboks 2177
 Copenhagen, Capital Region of Denmark, 1165 
Denmark",73
"182","University of Delaware","","","","Europe","Norway","Oslo","40%",48048,"udel.edu","3028312000","104 Hullihen Hall
 Newark, Delaware, 19716 
United States",NA
"183","University of East Anglia","","","","North America","United States","Pennsylvania","9%",34034,"www.uea.ac.uk","+44 (1603) 456 161","Norwich Research Park
 Norwich, East of England, NR4 7TJ 
United Kingdom",NA
"184","University of Edinburgh","#37 of 14,131","#4 of 2,785","#4 of 163","North America","United States","Vermont","",142142,"www.ed.ac.uk","+44 (131) 650 1000","Old College, South Bridge
 Edinburgh, Scotland, EH8 9YL 
United Kingdom",37
"185","University of Erlangen Nuremberg","","","","Asia","Japan","Suita","91%",76076,"www.fau.de","+49 (9131) 85 24444","Schlossplatz 4
 Erlangen, Bavaria, 91054 
Germany",NA
"186","University of Exeter","","","","North America","Canada","Alberta","17%",46046,"www.exeter.ac.uk","+44 (1392) 661 000","Northcote House, The Queen's Drive
 Exeter, South West England, EX4 4QJ 
United Kingdom",NA
"187","University of Florence","","","","North America","United States","Virginia","7%",70070,"www.unifi.it","+39 055 27571","Piazza San Marco, 4
 Firenze, Toscana, 50121 
Italy",NA
"188","University of Florida","#32 of 14,131","#28 of 2,597","#27 of 2,496","North America","United States","West Virginia","",174174,"www.ufl.edu","3523923261","Tigert Hall
 Gainesville, Florida, 32611 
United States",32
"189","University of Freiburg","#155 of 14,131","#48 of 2,785","#10 of 369","Europe","Germany","Baden-Wurttemberg","14%",68068,"uni-freiburg.de","+49 (761) 203-0","Friedrichstr. 39
 Freiburg im Breisgau, Baden-Wurttemberg, 79098 
Germany",155
"190","University of Geneva","#168 of 14,131","#54 of 2,785","#4 of 23","Europe","Germany","Hamburg State","24%",58058,"unige.ch","+41 (22) 379 7111","24, Rue du Général-Dufour
 Geneva, Geneva, 1211 
Switzerland",168
"191","University of Georgia","#80 of 14,131","#57 of 2,597","#53 of 2,496","Europe","Belgium","Liege","67%",81081,"www.uga.edu","7065423000","Administration Building
 Athens, Georgia, 30602 
United States",80
"192","University of Glasgow","#91 of 14,131","#18 of 2,785","#8 of 163","Europe","Germany","Brandenburg","71%",90090,"www.gla.ac.uk","+44 (141) 330 2000","University Avenue
 Glasgow, Scotland, G12 8QQ 
United Kingdom",91
"193","University of Gothenburg","","","","Europe","Sweden","Lund","75%",57057,"gu.se","+46 (31) 786 1000","PO Box 100
 Göteborg, Vastra Gotaland County, 405 30 
Sweden",NA
"194","University of Gottingen","#130 of 14,131","#34 of 2,785","#5 of 369","Europe","Switzerland","Bern","27%",77077,"uni-goettingen.de","+49 (551) 390","Wilhelmsplatz 1
 Göttingen, Lower Saxony, 37073 
Germany",130
"195","University of Granada","","","","North America","United States","Massachusetts","5%",54054,"www.ugr.es","+34 958 243 000","Avenida del Hospicio, s/n
 Granada, Andalucia, 18010 
Spain",NA
"196","University of Groningen","#161 of 14,131","#50 of 2,785","#4 of 58","Europe","Netherlands","Delft","35%",61061,"www.rug.nl","+31 (50) 363 5420","Broerstraat 5
 Groningen, Groningen, 9712 CP 
Netherlands",161
"197","University of Hamburg","#133 of 14,131","#35 of 2,785","#6 of 369","Europe","Switzerland","Geneva","24%",80080,"www.uni-hamburg.de","+49 (40) 42838-0","Mittelweg 177
 Hamburg, Hamburg, 20148 
Germany",133
"198","University of Helsinki","#87 of 14,131","#17 of 2,785","#1 of 36","Europe","Germany","Saxony","35%",100100,"www.helsinki.fi","+358 (9) 1911","PO Box 33, Fabianinkatu 33
 Helsinki, Uusimaa, 00014 
Finland",87
"199","University of Hong Kong","#127 of 14,131","#12 of 5,830","#5 of 960","Oceania","New Zealand","Auckland","83%",88088,"hku.hk","+852 2859 2111","Pok Fu Lam Road
 Hong Kong 
China",127
"200","University of Houston","","","","Asia","Singapore","Singapore City","41%",48048,"uh.edu","7137431000","212 E. Cullen Building
 Houston, Texas, 77204-2018 
United States",NA
"201","University of Illinois at Chicago","#103 of 14,131","#66 of 2,597","#62 of 2,496","Asia","Japan","Nagoya","70%",96096,"www.uic.edu","3129967000","601 S Morgan
 Chicago, Illinois, 60607 
United States",103
"202","University of Illinois at Urbana - Champaign","#21 of 14,131","#17 of 2,597","#16 of 2,496","Europe","Italy","Campania","",202202,"illinois.edu","2173331000","601 E John Street
 Champaign, Illinois, 61820-5711 
United States",21
"203","University of Iowa","#69 of 14,131","#52 of 2,597","#49 of 2,496","Europe","United Kingdom","England","",96096,"uiowa.edu","3193353500","101 Jessup Hall
 Iowa City, Iowa, 52242-1316 
United States",69
"204","University of Kansas","#113 of 14,131","#70 of 2,597","#65 of 2,496","North America","United States","Ohio","25%",71071,"ku.edu","7858642700","Strong Hall, 1450 Jayhawk Blvd, Room 230
 Lawrence, Kansas, 66045 
United States",113
"205","University of Kentucky","#102 of 14,131","#65 of 2,597","#61 of 2,496","Europe","United Kingdom","England","5%",80080,"uky.edu","8592579000","South Limestone
 Lexington, Kentucky, 40506-0032 
United States",102
"206","University of Lausanne","","","","North America","Canada","British Columbia","46%",41041,"unil.ch","+41 (21) 692 1111","Unicentre
 Lausanne, Vaud, 1015 
Switzerland",NA
"207","University of Leeds","#108 of 14,131","#28 of 2,785","#11 of 163","North America","United States","Utah","3%",92092,"leeds.ac.uk","+44 (113) 243 1751","Woodhouse Lane
 Leeds, Yorkshire and the Humber, LS2 9JT 
United Kingdom",108
"208","University of Leicester","","","","Asia","China","Beijing","79%",56056,"le.ac.uk","+44 (116) 252 2522","University Road
 Leicester, East Midlands, LE1 7RH 
United Kingdom",NA
"209","University of Leipzig","#197 of 14,131","#67 of 2,785","#15 of 369","Europe","Italy","Lazio","78%",52052,"www.uni-leipzig.de","+49 (341) 97 108","Ritterstrasse 26
 Leipzig, Saxony, 04109 
Germany",197
"210","University of Liege","","","","North America","United States","Georgia","88%",140140,"uliege.be","+32 (4) 366 9666","Place du 20 Août 7
 Liège, Liege, 4000 
Belgium",NA
"211","University of Liverpool","#180 of 14,131","#59 of 2,785","#18 of 163","North America","United States","Oregon","9%",84084,"www.liverpool.ac.uk","+44 (151) 794 2000","The Foundation Building, Brownlow Hill
 Liverpool, North West England, L69 7ZX 
United Kingdom",180
"212","University of London","","","","North America","United States","Iowa State","17%",80080,"london.ac.uk","+44 (20) 7862 8000","Senate House, Malet Street
 London, London, WC1E 7HU 
United Kingdom",NA
"213","University of Louisville","","","","North America","United States","California","14%",43043,"louisville.edu","5028525555","2301 S 3rd St
 Louisville, Kentucky, 40292-0001 
United States",NA
"214","University of Manchester","#60 of 14,131","#7 of 2,785","#6 of 163","North America","United States","Virginia","",151151,"manchester.ac.uk","+44 (161) 306 6000","Oxford Road
 Manchester, North West England, M13 9PL 
United Kingdom",60
"215","University of Manitoba","","","","Europe","Germany","Bavaria","88%",57057,"umanitoba.ca","+1 (204) 474 8880","66 Chancellors Circle
 Winnipeg, Manitoba, R3T 2N2 
Canada",NA
"216","University of Maryland - College Park","#36 of 14,131","#32 of 2,597","#30 of 2,496","Europe","Belgium","Louvain-la-Neuve","",140140,"umd.edu","3014051000","Baltimore Boulevard
 College Park, Maryland, 20742 
United States",36
"217","University of Maryland, Baltimore","","","","North America","United States","Arizona","17%",56056,"www.umaryland.edu","4107063100","620 West Lexington St
 Baltimore, Maryland, 21201-1627 
United States",NA
"218","University of Massachusetts - Amherst","#90 of 14,131","#61 of 2,597","#57 of 2,496","Asia","China","Wuhan","2%",74074,"umass.edu","4135450111","374 Whitmore Building 181 Presidents Drive
 Amherst, Massachusetts, 01003 
United States",90
"219","University of Melbourne","#53 of 14,131","#1 of 59","#1 of 40","Europe","Ireland","Dublin","",155155,"www.unimelb.edu.au","+61 (0)3 8344 4000","Swanston Street, Parkville
 Melbourne, Victoria, 3010 
Australia",53
"220","University of Miami","#100 of 14,131","#64 of 2,597","#60 of 2,496","Asia","China","Nanjing","26%",88088,"welcome.miami.edu","3052842211","University of Miami
 Coral Gables, Florida, 33146 
United States",100
"221","University of Michigan - Ann Arbor","#3 of 14,131","#3 of 2,597","#3 of 2,496","Europe","Germany","Thuringia","",305305,"umich.edu","7347641817","503 Thompson Street
 Ann Arbor, Michigan, 48109 
United States",3
"222","University of Milan","#124 of 14,131","#32 of 2,785","#3 of 88","Asia","Japan","Fukuoka","45%",124124,"www.unimi.it","+39 02 503 111","Via Festa del Perdono, 7
 Milano, Lombardia, 20122 
Italy",124
"223","University of Minnesota - Twin Cities","#17 of 14,131","#15 of 2,597","#14 of 2,496","Asia","Japan","Tokyo","",227227,"twin-cities.umn.edu","6126255000","100 Church Street SE
 Minneapolis, Minnesota, 55455-0213 
United States",17
"224","University of Missouri - Columbia","#112 of 14,131","#69 of 2,597","#64 of 2,496","Europe","Netherlands","Rotterdam","55%",73073,"missouri.edu","5738822121","105 Jesse Hall
 Columbia, Missouri, 65211 
United States",112
"225","University of Montreal","#105 of 14,131","#67 of 2,597","#5 of 101","Asia","Japan","Sapporo","11%",90090,"www.umontreal.ca","+1 (514) 343 6111","CP 6128, Succursale Centre Ville
 Montréal, Quebec, H3C 3J7 
Canada",105
"226","University of Munich","#57 of 14,131","#6 of 2,785","#1 of 369","North America","Canada","Manitoba","",145145,"www.lmu.de","+49 (89) 21800","Geschwister-Scholl-Platz 1
 München, Bavaria, 80539 
Germany",57
"227","University of Munster","#186 of 14,131","#62 of 2,785","#14 of 369","Europe","United Kingdom","England","59%",62062,"www.uni-muenster.de","+49 (251) 83 0","Schlossplatz 2
 Münster, North Rhine-Westphalia, 48149 
Germany",186
"228","University of Nebraska - Lincoln","#126 of 14,131","#75 of 2,597","#69 of 2,496","North America","United States","Oregon","35%",54054,"www.unl.edu","4024727211","1400 R Street
 Lincoln, Nebraska, 68588-0419 
United States",126
"229","University of New Mexico","#170 of 14,131","#90 of 2,597","#80 of 2,496","North America","Canada","Alberta","73%",57057,"www.unm.edu","5052770111","1700 Lomas Blvd NE
 Albuquerque, New Mexico, 87106 
United States",170
"230","University of New South Wales","#64 of 14,131","#2 of 59","#2 of 40","North America","United States","Alabama","",135135,"www.unsw.edu.au","+61 (0)2 9385 1000","Gate 9, High Street, Kensington
 Sydney, New South Wales, 2052 
Australia",64
"231","University of North Carolina at Chapel Hill","#29 of 14,131","#25 of 2,597","#24 of 2,496","Europe","Italy","Lombardy","",164164,"www.unc.edu","9199622211","103 South Bldg Cb 9100
 Chapel Hill, North Carolina, 27599 
United States",29
"232","University of Notre Dame","#149 of 14,131","#85 of 2,597","#75 of 2,496","Europe","Germany","Brandenburg","87%",52052,"www.nd.edu","5746315000","400 Main Building
 Notre Dame, Indiana, 46556 
United States",149
"233","University of Nottingham","#115 of 14,131","#29 of 2,785","#12 of 163","Europe","Germany","North Rhine-Westphalia","80%",107107,"nottingham.ac.uk","+44 (115) 951 5151","University Park
 Nottingham, East Midlands, NG7 2RD 
United Kingdom",115
"234","University of Oklahoma - Norman","","","","North America","United States","California","66%",48048,"null","4053250311","660 Parrington Oval
 Norman, Oklahoma, 73019-3072 
United States",NA
"235","University of Oregon","#175 of 14,131","#92 of 2,597","#82 of 2,496","North America","United States","Nebraska","33%",36036,"www.uoregon.edu","5413461000","110 Johnson Hall
 Eugene, Oregon, 97403 
United States",175
"236","University of Oslo","#97 of 14,131","#21 of 2,785","#1 of 29","North America","United States","Delaware","39%",85085,"www.uio.no","+47 22 85 50 50","PO Box 1072, Blindern
 Oslo, Oslo, 0316 
Norway",97
"237","University of Otago","","","","North America","United States","New York State","7%",47047,"www.otago.ac.nz","+64 (3) 479 1100","PO Box 56
 Dunedin, Otago 
New Zealand",NA
"238","University of Ottawa","#179 of 14,131","#94 of 2,597","#11 of 101","North America","United States","Connecticut","19%",78078,"www.uottawa.ca","+1 (613) 562 5800","PO Box 450 Stn A
 Ottawa, Ontario, K1N 6N5 
Canada",179
"239","University of Oxford","#10 of 14,131","#2 of 2,785","#2 of 163","North America","United States","North Carolina","",241241,"www.ox.ac.uk","","Wellington Square
 Oxford, South East England, OX1 2JD 
United Kingdom",10
"240","University of Padua","#151 of 14,131","#45 of 2,785","#4 of 88","Europe","Denmark","Aarhus","20%",100100,"www.unipd.it","+39 049 827 3131","Via VIII Febbraio, 2
 Padova, Veneto, 35122 
Italy",151
"241","University of Pennsylvania","#12 of 14,131","#10 of 2,597","#10 of 2,496","Europe","United Kingdom","England","",232232,"www.upenn.edu","2158985000","34th & Spruce Street
 Philadelphia, Pennsylvania, 19104-6303 
United States",12
"242","University of Pisa","","","","Europe","Switzerland","Zurich","21%",63063,"unipi.it","+39 050 221 2111","Lungarno Pacinotti, 43
 Pisa, Toscana, 56126 
Italy",NA
"243","University of Pittsburgh","#38 of 14,131","#33 of 2,597","#31 of 2,496","North America","United States","Massachusetts","",176176,"www.pitt.edu","4126244141","4200 Fifth Avenue
 Pittsburgh, Pennsylvania, 15260 
United States",38
"244","University of Porto","","","","North America","United States","Illinois","9%",57057,"up.pt","+351 (22) 040 8000","Praça Gomes Teixeira
 Porto, Porto, 4099-002 
Portugal",NA
"245","University of Queensland","#75 of 14,131","#4 of 59","#4 of 40","Asia","China","Wuhan","",134134,"uq.edu.au","+61 (0)7 3365 1111","Chancellor's Place
 St Lucia, Queensland, 4072 
Australia",75
"246","University of Reading","","","","North America","United States","New Jersey","6%",42042,"www.reading.ac.uk","+44 (118) 987 5123","Whiteknights Campus, PO Box 217
 Reading, South East England, RG6 6AH 
United Kingdom",NA
"247","University of Rochester","#66 of 14,131","#50 of 2,597","#47 of 2,496","Europe","Italy","Piedmont","",100100,"rochester.edu","5852753221","Wilson Blvd. - Wallis Hall
 Rochester, New York, 14627-0011 
United States",66
"248","University of Sao Paulo","#48 of 14,131","#1 of 1,756","#1 of 198","Europe","United Kingdom","Scotland","",261261,"null","+55 (11) 3091 3500","Rua da Reitoria 374 - Butantã
 São Paulo, Sao Paulo, 05508-220 
Brazil",48
"249","University of Science and Technology of China","","","","Europe","Switzerland","Zurich","65%",91091,"ustc.edu.cn","+86 (551) 360 2847","1129 Huizhou Avenue, Baohe
 Hefei, Anhui, 230026 
China",NA
"250","University of Sheffield","#137 of 14,131","#36 of 2,785","#13 of 163","Asia","China","Shanghai","66%",91091,"www.sheffield.ac.uk","+44 (114) 222 2000","Western Bank
 Sheffield, Yorkshire and the Humber, S10 2TN 
United Kingdom",137
"251","University of South Carolina - Columbia","#191 of 14,131","#97 of 2,597","#86 of 2,496","Asia","China","Shanghai","17%",53053,"sc.edu","8037777000","Columbia-Campus
 Columbia, South Carolina, 29208 
United States",191
"252","University of South Florida","#154 of 14,131","#86 of 2,597","#76 of 2,496","Europe","United Kingdom","England","25%",64064,"usf.edu","8139742011","4202 East Fowler Ave
 Tampa, Florida, 33620-9951 
United States",154
"253","University of Southampton","#147 of 14,131","#42 of 2,785","#15 of 163","North America","United States","Florida","68%",90090,"www.southampton.ac.uk","+44 (23) 8059 5000","Gamma House, Enterprise Road
 Southampton, South East England, SO17 1BJ 
United Kingdom",147
"254","University of Southern California","#31 of 14,131","#27 of 2,597","#26 of 2,496","North America","United States","Kansas State","",150150,"usc.edu","2137402311","University Park
 Los Angeles, California, 90089 
United States",31
"255","University of St Andrews","","","","Latin America","Brazil","Sao Paulo","20%",41041,"www.st-andrews.ac.uk","+44 (1334) 46 2150","College Gate, North Street
 St Andrews, Scotland, KY16 9AJ 
United Kingdom",NA
"256","University of Stuttgart","","","","North America","United States","Texas","7%",50050,"uni-stuttgart.de","+49 (711) 685 10","Keplerstrasse 7
 Stuttgart, Baden-Wurttemberg, 70174 
Germany",NA
"257","University of Sussex","","","","North America","United States","California","47%",40040,"www.sussex.ac.uk","+44 (1273) 606 755","Sussex House, Falmer
 Brighton, South East England, BN1 9RH 
United Kingdom",NA
"258","University of Sydney","#65 of 14,131","#3 of 59","#3 of 40","Africa","South Africa","Cape Town","",166166,"www.sydney.edu.au","+61 (0)2 9351 2222","Building A14, Camperdown
 Sydney, New South Wales, 2006 
Australia",65
"259","University of Tennessee - Knoxville","#138 of 14,131","#82 of 2,597","#73 of 2,496","North America","United States","Pennsylvania","75%",76076,"utk.edu","8659741000","527 Andy Holt Tower
 Knoxville, Tennessee, 37996 
United States",138
"260","University of Texas at Austin","#26 of 14,131","#22 of 2,597","#21 of 2,496","Europe","Germany","Baden-Wurttemberg","",185185,"www.utexas.edu","5124713434","110 Inner Campus Drive
 Austin, Texas, 78705 
United States",26
"261","University of Texas MD Anderson Cancer Center","","","","Europe","Netherlands","Amsterdam","37%",86086,"www.mdanderson.org","8003921611","1515 Holcombe Blvd.
 Houston, Texas, 77030-4009 
United States",NA
"262","University of Tokyo","#18 of 14,131","#1 of 5,830","#1 of 719","Europe","United Kingdom","Northern Ireland","",309309,"www.u-tokyo.ac.jp","+81 (3) 3812 2111","7-3-1 Hongo, Bunkyo-ku
 Tokyo, Tokyo, 113-8654 
Japan",18
"263","University of Toronto","#16 of 14,131","#14 of 2,597","#1 of 101","Latin America","Brazil","Belo Horizonte","",261261,"www.utoronto.ca","+1 (416) 978 2011","27 King's College Circle
 Toronto, Ontario, M5S 1A1 
Canada",16
"264","University of Tsukuba","","","","Europe","Belgium","Leuven","8%",72072,"www.tsukuba.ac.jp","+81 (29) 853 2111","1-1-1 Tennodai
 Tsukuba, Ibaraki, 305-8577 
Japan",NA
"265","University of Tubingen","#146 of 14,131","#41 of 2,785","#7 of 369","Europe","Germany","Baden-Wurttemberg","81%",75075,"uni-tuebingen.de","+49 (7071) 29 0","Wilhelmstrasse 5
 Tübingen, Baden-Wurttemberg, 72074 
Germany",146
"266","University of Turin","","","","North America","United States","New York State","4%",69069,"www.unito.it","+39 011 670 6111","Via Verdi, 8
 Torino, Piemonte, 10124 
Italy",NA
"267","University of Utah","#63 of 14,131","#49 of 2,597","#46 of 2,496","North America","Canada","Nova Scotia","",110110,"www.utah.edu","8015817200","201 Presidents Circle, ROOM 201
 Salt Lake City, Utah, 84112-9008 
United States",63
"268","University of Valencia","","","","North America","United States","Arizona","35%",61061,"www.uv.es","+34 963864101","Avenida Blanco Ibáñez 13
 Valencia, Valencian Community, 46010 
Spain",NA
"269","University of Vermont","","","","Europe","United Kingdom","Scotland","64%",33033,"uvm.edu","8026563131","85 S Prospect St
 Burlington, Vermont, 05405-0160 
United States",NA
"270","University of Victoria","","","","North America","United States","California","16%",37037,"uvic.ca","+1 (250) 721 7211","PO Box 1700
 Victoria, British Columbia, V8W 2Y2 
Canada",NA
"271","University of Vienna","#92 of 14,131","#19 of 2,785","#1 of 71","Europe","Sweden","Stockholm","59%",87087,"univie.ac.at","+43 (1) 4277 0","Universitätsring 1
 Vienna, Vienna, 1010 
Austria",92
"272","University of Virginia","#50 of 14,131","#43 of 2,597","#40 of 2,496","Europe","Italy","Tuscany","",103103,"www.virginia.edu","4349240311","1827 University Avenue
 Charlottesville, Virginia, 22903-2628 
United States",50
"273","University of Warsaw","","","","North America","United States","New Jersey","51%",54054,"www.uw.edu.pl","+48 (22) 552 0000","ul. Krakowskie Przedmiescie 26/28
 Warszawa, Masovian Voivodeship, 00-927 
Poland",NA
"274","University of Warwick","#139 of 14,131","#37 of 2,785","#14 of 163","Asia","Japan","Tokyo","85%",70070,"warwick.ac.uk","+44 (24) 7652 3706","University House, Gibbet Hill
 Coventry, West Midlands, CV4 7AL 
United Kingdom",139
"275","University of Washington - Seattle","#8 of 14,131","#7 of 2,597","#7 of 2,496","Asia","South Korea","Seoul","",270270,"washington.edu","2065432100","1400 NE Campus Parkway
 Seattle, Washington, 98195-4550 
United States",8
"276","University of Waterloo","#117 of 14,131","#71 of 2,597","#6 of 101","Oceania","Australia","Crawley","29%",81081,"uwaterloo.ca","+1 (519) 888 4567","200 University Avenue West
 Waterloo, Ontario, N2L 3G1 
Canada",117
"277","University of Western Australia","#184 of 14,131","#9 of 59","#8 of 40","North America","Canada","Ontario","25%",76076,"uwa.edu.au","+61 (0)8 6488 6000","35 Stirling Highway
 Crawley, Western Australia, 6009 
Australia",184
"278","University of Wisconsin - Madison","#15 of 14,131","#13 of 2,597","#13 of 2,496","North America","United States","Alabama","",209209,"www.wisc.edu","6082632400","500 Lincoln Dr
 Madison, Wisconsin, 53706-1380 
United States",15
"279","University of Wurzburg","","","","North America","United States","Tennessee","13%",54054,"uni-wuerzburg.de","+49 (931) 310","Sanderring 2
 Würzburg, Bavaria, 97070 
Germany",NA
"280","University of York","#199 of 14,131","#68 of 2,785","#21 of 163","North America","United States","Kentucky","41%",51051,"york.ac.uk","+44 (1904) 430 000","Heslington
 York, Yorkshire and the Humber, YO10 5DD 
United Kingdom",199
"281","University of Zurich","#81 of 14,131","#15 of 2,785","#2 of 23","Asia","China","Hefei","65%",110110,"uzh.ch","+41 (44) 634 1111","Rämistrasse 71
 Zürich, Zurich, 8006 
Switzerland",81
"282","Uppsala University","#106 of 14,131","#26 of 2,785","#2 of 39","Europe","United Kingdom","Wales","5%",93093,"uu.se","+46 (18) 471 0000","von Kraemers allé 1, Blåsenhus
 Uppsala, Uppsala County, 752 36 
Sweden",106
"283","Utrecht University","#71 of 14,131","#10 of 2,785","#2 of 58","North America","United States","Pennsylvania","",123123,"www.uu.nl","+31 (30) 253 7000","Heidelberglaan 8
 Utrecht, Utrecht, 3584 CS 
Netherlands",71
"284","Vanderbilt University","#72 of 14,131","#54 of 2,597","#51 of 2,496","Europe","Germany","Bavaria","",95095,"vanderbilt.edu","6153227311","2101 West End Avenue
 Nashville, Tennessee, 37240 
United States",72
"285","Virginia Commonwealth University","","","","Europe","United Kingdom","England","30%",44044,"vcu.edu","8048280100","910 W Franklin St
 Richmond, Virginia, 23284-2512 
United States",NA
"286","Virginia Polytechnic Institute and State University","#95 of 14,131","#63 of 2,597","#59 of 2,496","Europe","United Kingdom","England","94%",82082,"vt.edu","5402316994","210 Burruss Hall, 800 Drillfield Dr.
 Blacksburg, Virginia, 24061-0131 
United States",95
"287","Wageningen University","","","","North America","United States","Georgia","16%",47047,"www.wur.nl","+31 (317) 484 848","Droevendaalsesteeg 4
 Wageningen, Gelderland, 6708 PB 
Netherlands",NA
"288","Wake Forest University","","","","Europe","United Kingdom","England","18%",43043,"www.wfu.edu","3367585000","1834 Wake Forest Road
 Winston-Salem, North Carolina, 27106 
United States",NA
"289","Waseda University","","","","North America","United States","Minnesota","70%",44044,"www.waseda.jp","+81 (3) 3203 4141","1-104 Totsuka-machi, Shinjuku-ku
 Tokyo, Tokyo, 169-8050 
Japan",NA
"290","Washington State University","#156 of 14,131","#87 of 2,597","#77 of 2,496","Europe","Sweden","Stockholm","41%",49049,"wsu.edu","5093353564","French Administration Building
 Pullman, Washington, 99164-5910 
United States",156
"291","Washington University in St Louis","#44 of 14,131","#39 of 2,597","#37 of 2,496","North America","United States","Louisiana","",147147,"wustl.edu","3149355000","One Brookings Drive
 Saint Louis, Missouri, 63130-4899 
United States",44
"292","Wayne State University","#194 of 14,131","#100 of 2,597","#89 of 2,496","Europe","Spain","Barcelona","43%",72072,"wayne.edu","3135772424","656 West Kirby Street
 Detroit, Michigan, 48202 
United States",194
"293","West Virginia University","","","","North America","United States","Florida","53%",42042,"www.wvu.edu","3042930111","PO Box 6201
 Morgantown, West Virginia, 26506 
United States",NA
"294","Western University","#134 of 14,131","#79 of 2,597","#9 of 101","Europe","Netherlands","Amsterdam","20%",87087,"uwo.ca","+1 (519) 661 2111","1151 Richmond Street
 London, Ontario, N6A 3K7 
Canada",134
"295","Wuhan University","","","","North America","United States","Massachusetts","73%",97097,"whu.edu.cn","+86 (27) 6875 3912","Luojia Hill, Wuchan District
 Wuhan, Hubei, 430072 
China",NA
"296","Xi'an Jiaotong University","","","","North America","United States","Connecticut","7%",96096,"www.xjtu.edu.cn","+86 (29) 266 8830","28 Xianning Road
 Xi'an, Shaanxi, 710049 
China",NA
"297","Yale University","#11 of 14,131","#9 of 2,597","#9 of 2,496","Asia","China","Xi'an","",198198,"www.yale.edu","2034324771","Woodbridge Hall
 New Haven, Connecticut, 06520 
United States",11
"298","Yonsei University","","","","North America","United States","Washington","56%",95095,"www.yonsei.ac.kr","+82 (2) 2123 2114","134 Sinchon-dong, Seodaemun-gu
 Seoul, Seoul, 120-749 
South Korea",NA
"299","York University","","","","Oceania","Australia","Canberra","33%",41041,"yorku.ca","+1 (416) 736 5002","4700 Keele Street
 Toronto, Ontario, M3J 1P3 
Canada",NA
"300","Zhejiang University","#109 of 14,131","#7 of 5,830","#3 of 960","North America","United States","Alabama","52%",176176,"www.zju.edu.cn","+86 (571) 8795 1020","38 Zheda Road, Xihu
 Hangzhou, Zhejiang, 310027 
China",109
